Model,Train Accuracy,Validation Accuracy,Test Accuracy,Precision,Recall,F1 Score,ROC AUC,Cohen's Kappa,Training Time (s),Validation Time (s),Test Time (s)
Random Forest,0.94383822,0.94908921,0.94628678,0.94954088,0.94628678,0.94619279,0.99097968,0.89258615,0.60145712,0.08194804,0.07499766
Decision Tree,0.94383822,0.94862214,0.94628678,0.94954088,0.94628678,0.94619279,0.99054337,0.89258615,0.0309999,0.00200033,0.00227737
SVM,0.943638,0.94908921,0.94535264,0.94874529,0.94535264,0.94525268,0.98838231,0.89071837,4.82237124,0.08640337,0.11233854
Logistic Regression,0.94133547,0.94488557,0.94068192,0.94322527,0.94068192,0.94060006,0.99088674,0.88137619,0.05878186,0.00099826,0.00098515
KNN,0.94333767,0.94722092,0.94301728,0.94551081,0.94301728,0.94294061,0.98925537,0.88604627,0.00300455,1.56692076,1.65923238
Gradient Boosting,0.94343778,0.94908921,0.94581971,0.94885846,0.94581971,0.94573116,0.99148667,0.89165169,1.75030875,0.00874257,0.00815558
